
{
    "states": [
        {
            "name": "Paraíba",
            "uf": "PB",
            "cities": [
                { "name": "Água Branca", "neighborhoods": [] },
                { "name": "Aguiar", "neighborhoods": [] },
                { "name": "Alagoa Grande", "neighborhoods": [] },
                { "name": "Alagoa Nova", "neighborhoods": [] },
                { "name": "Alagoinha", "neighborhoods": [] },
                { "name": "Alhandra", "neighborhoods": [] },
                { "name": "Amparo", "neighborhoods": [] },
                { "name": "Aparecida", "neighborhoods": [] },
                { "name": "Araçagi", "neighborhoods": [] },
                { "name": "Arara", "neighborhoods": [] },
                { "name": "Araruna", "neighborhoods": [] },
                { "name": "Areia", "neighborhoods": [] },
                { "name": "Areia de Baraúnas", "neighborhoods": [] },
                { "name": "Areial", "neighborhoods": [] },
                { "name": "Aroeiras", "neighborhoods": [] },
                { "name": "Assunção", "neighborhoods": [] },
                { "name": "Baía da Traição", "neighborhoods": [] },
                { "name": "Bananeiras", "neighborhoods": [] },
                { "name": "Baraúna", "neighborhoods": [] },
                { "name": "Barra de Santa Rosa", "neighborhoods": [] },
                { "name": "Barra de Santana", "neighborhoods": [] },
                { "name": "Barra de São Miguel", "neighborhoods": [] },
                { "name": "Bayeux", "neighborhoods": [] },
                { "name": "Belém", "neighborhoods": [] },
                { "name": "Belém do Brejo do Cruz", "neighborhoods": [] },
                { "name": "Bernardino Batista", "neighborhoods": [] },
                { "name": "Boa Ventura", "neighborhoods": [] },
                { "name": "Boa Vista", "neighborhoods": [] },
                { "name": "Bom Jesus", "neighborhoods": [] },
                { "name": "Bom Sucesso", "neighborhoods": [] },
                { "name": "Bonito de Santa Fé", "neighborhoods": [] },
                { "name": "Boqueirão", "neighborhoods": [] },
                { "name": "Borborema", "neighborhoods": [] },
                { "name": "Brejo do Cruz", "neighborhoods": [] },
                { "name": "Brejo dos Santos", "neighborhoods": [] },
                { "name": "Caaporã", "neighborhoods": [] },
                {
                    "name": "Cabedelo",
                    "neighborhoods": [
                        "Areia Dourada", "Camboinha", "Centro", "Formosa", "Intermares", "Jardim América", "Jardim Manguinhos", "Poço", "Ponta de Matos", "Recanto do Poço", "Santa Catarina"
                    ]
                },
                { "name": "Cachoeira dos Índios", "neighborhoods": [] },
                { "name": "Cacimba de Areia", "neighborhoods": [] },
                { "name": "Cacimba de Dentro", "neighborhoods": [] },
                { "name": "Cacimbas", "neighborhoods": [] },
                { "name": "Caiçara", "neighborhoods": [] },
                { "name": "Cajazeiras", "neighborhoods": [] },
                { "name": "Cajazeirinhas", "neighborhoods": [] },
                { "name": "Caldas Brandão", "neighborhoods": [] },
                { "name": "Camalaú", "neighborhoods": [] },
                { "name": "Campina Grande", "neighborhoods": [] },
                { "name": "Capim", "neighborhoods": [] },
                { "name": "Caraúbas", "neighborhoods": [] },
                { "name": "Carrapateira", "neighborhoods": [] },
                { "name": "Casserengue", "neighborhoods": [] },
                { "name": "Catingueira", "neighborhoods": [] },
                { "name": "Catolé do Rocha", "neighborhoods": [] },
                { "name": "Caturité", "neighborhoods": [] },
                { "name": "Conceição", "neighborhoods": [] },
                { "name": "Condado", "neighborhoods": [] },
                { "name": "Conde", "neighborhoods": [] },
                { "name": "Congo", "neighborhoods": [] },
                { "name": "Coremas", "neighborhoods": [] },
                { "name": "Coxixola", "neighborhoods": [] },
                { "name": "Cruz do Espírito Santo", "neighborhoods": [] },
                { "name": "Cubati", "neighborhoods": [] },
                { "name": "Cuité", "neighborhoods": [] },
                { "name": "Cuité de Mamanguape", "neighborhoods": [] },
                { "name": "Cuitegi", "neighborhoods": [] },
                { "name": "Curral de Cima", "neighborhoods": [] },
                { "name": "Curral Velho", "neighborhoods": [] },
                { "name": "Damião", "neighborhoods": [] },
                { "name": "Desterro", "neighborhoods": [] },
                { "name": "Diamante", "neighborhoods": [] },
                { "name": "Dona Inês", "neighborhoods": [] },
                { "name": "Duas Estradas", "neighborhoods": [] },
                { "name": "Emas", "neighborhoods": [] },
                { "name": "Esperança", "neighborhoods": [] },
                { "name": "Fagundes", "neighborhoods": [] },
                { "name": "Frei Martinho", "neighborhoods": [] },
                { "name": "Gado Bravo", "neighborhoods": [] },
                { "name": "Guarabira", "neighborhoods": [] },
                { "name": "Gurinhém", "neighborhoods": [] },
                { "name": "Gurjão", "neighborhoods": [] },
                { "name": "Ibiara", "neighborhoods": [] },
                { "name": "Igaracy", "neighborhoods": [] },
                { "name": "Imaculada", "neighborhoods": [] },
                { "name": "Ingá", "neighborhoods": [] },
                { "name": "Itabaiana", "neighborhoods": [] },
                { "name": "Itaporanga", "neighborhoods": [] },
                { "name": "Itapororoca", "neighborhoods": [] },
                { "name": "Itatuba", "neighborhoods": [] },
                { "name": "Jacaraú", "neighborhoods": [] },
                { "name": "Jericó", "neighborhoods": [] },
                {
                    "name": "João Pessoa",
                    "neighborhoods": [
                        "Aeroclube", "Água Fria", "Altiplano Cabo Branco", "Anatólia", "Bairro das Indústrias", "Bairro dos Estados", "Bairro dos Ipês", "Bairro dos Novais", "Bancários", "Barra de Gramame", "Bessa", "Brisamar", "Cabo Branco", "Castelo Branco", "Centro", "Cidade dos Colibris", "Costa do Sol", "Costa e Silva", "Cruz das Armas", "Cuiá", "Distrito Industrial", "Ernesto Geisel", "Ernâni Sátiro", "Funcionários", "Grotão", "Gramame", "Jaguaribe", "Jardim Cidade Universitária", "Jardim Luna", "Jardim Oceania", "Jardim Veneza", "José Américo de Almeida", "João Agripino", "João Paulo II", "Mandacaru", "Manaíra", "Mangabeira", "Miramar", "Muçumagro", "Oitizeiro", "Paratibe", "Pedro Gondim", "Penha", "Planalto da Boa Esperança", "Ponta do Seixas", "Portal do Sol", "Róger", "Tambaú", "Tambauzinho", "Tambiá", "Torre", "Trincheiras", "Valentina de Figueiredo", "Varadouro", "Varjão"
                    ]
                },
                { "name": "Juarez Távora", "neighborhoods": [] },
                { "name": "Juazeirinho", "neighborhoods": [] },
                { "name": "Junco do Seridó", "neighborhoods": [] },
                { "name": "Juripiranga", "neighborhoods": [] },
                { "name": "Juru", "neighborhoods": [] },
                { "name": "Lagoa", "neighborhoods": [] },
                { "name": "Lagoa de Dentro", "neighborhoods": [] },
                { "name": "Lagoa Seca", "neighborhoods": [] },
                { "name": "Lastro", "neighborhoods": [] },
                { "name": "Livramento", "neighborhoods": [] },
                { "name": "Logradouro", "neighborhoods": [] },
                { "name": "Lucena", "neighborhoods": [] },
                { "name": "Mãe d'Água", "neighborhoods": [] },
                { "name": "Malta", "neighborhoods": [] },
                { "name": "Mamanguape", "neighborhoods": [] },
                { "name": "Manaíra", "neighborhoods": [] },
                { "name": "Marcação", "neighborhoods": [] },
                { "name": "Mari", "neighborhoods": [] },
                { "name": "Marizópolis", "neighborhoods": [] },
                { "name": "Massaranduba", "neighborhoods": [] },
                { "name": "Mataraca", "neighborhoods": [] },
                { "name": "Matinhas", "neighborhoods": [] },
                { "name": "Mato Grosso", "neighborhoods": [] },
                { "name": "Maturéia", "neighborhoods": [] },
                { "name": "Mogeiro", "neighborhoods": [] },
                { "name": "Montadas", "neighborhoods": [] },
                { "name": "Monte Horebe", "neighborhoods": [] },
                { "name": "Monteiro", "neighborhoods": [] },
                { "name": "Mulungu", "neighborhoods": [] },
                { "name": "Natuba", "neighborhoods": [] },
                { "name": "Nazarezinho", "neighborhoods": [] },
                { "name": "Nova Floresta", "neighborhoods": [] },
                { "name": "Nova Olinda", "neighborhoods": [] },
                { "name": "Nova Palmeira", "neighborhoods": [] },
                { "name": "Olho d'Água", "neighborhoods": [] },
                { "name": "Olivedos", "neighborhoods": [] },
                { "name": "Ouro Velho", "neighborhoods": [] },
                { "name": "Parari", "neighborhoods": [] },
                { "name": "Passagem", "neighborhoods": [] },
                { "name": "Patos", "neighborhoods": [] },
                { "name": "Paulista", "neighborhoods": [] },
                { "name": "Pedra Branca", "neighborhoods": [] },
                { "name": "Pedra Lavrada", "neighborhoods": [] },
                { "name": "Pedras de Fogo", "neighborhoods": [] },
                { "name": "Pedro Régis", "neighborhoods": [] },
                { "name": "Piancó", "neighborhoods": [] },
                { "name": "Picuí", "neighborhoods": [] },
                { "name": "Pilar", "neighborhoods": [] },
                { "name": "Pilões", "neighborhoods": [] },
                { "name": "Pilõezinhos", "neighborhoods": [] },
                { "name": "Pirpirituba", "neighborhoods": [] },
                { "name": "Pitimbu", "neighborhoods": [] },
                { "name": "Pocinhos", "neighborhoods": [] },
                { "name": "Poço Dantas", "neighborhoods": [] },
                { "name": "Poço de José de Moura", "neighborhoods": [] },
                { "name": "Pombal", "neighborhoods": [] },
                { "name": "Prata", "neighborhoods": [] },
                { "name": "Princesa Isabel", "neighborhoods": [] },
                { "name": "Puxinanã", "neighborhoods": [] },
                { "name": "Queimadas", "neighborhoods": [] },
                { "name": "Quixabá", "neighborhoods": [] },
                { "name": "Remígio", "neighborhoods": [] },
                { "name": "Riachão", "neighborhoods": [] },
                { "name": "Riachão do Bacamarte", "neighborhoods": [] },
                { "name": "Riachão do Poço", "neighborhoods": [] },
                { "name": "Riacho de Santo Antônio", "neighborhoods": [] },
                { "name": "Riacho dos Cavalos", "neighborhoods": [] },
                { "name": "Rio Tinto", "neighborhoods": [] },
                { "name": "Salgadinho", "neighborhoods": [] },
                { "name": "Salgado de São Félix", "neighborhoods": [] },
                { "name": "Santa Cecília", "neighborhoods": [] },
                { "name": "Santa Cruz", "neighborhoods": [] },
                { "name": "Santa Helena", "neighborhoods": [] },
                { "name": "Santa Inês", "neighborhoods": [] },
                { "name": "Santa Luzia", "neighborhoods": [] },
                { "name": "Santa Rita", "neighborhoods": [] },
                { "name": "Santa Teresinha", "neighborhoods": [] },
                { "name": "Santana de Mangueira", "neighborhoods": [] },
                { "name": "Santana dos Garrotes", "neighborhoods": [] },
                { "name": "Santarém", "neighborhoods": [] },
                { "name": "Santo André", "neighborhoods": [] },
                { "name": "São Bentinho", "neighborhoods": [] },
                { "name": "São Bento", "neighborhoods": [] },
                { "name": "São Domingos", "neighborhoods": [] },
                { "name": "São Domingos do Cariri", "neighborhoods": [] },
                { "name": "São Francisco", "neighborhoods": [] },
                { "name": "São João do Cariri", "neighborhoods": [] },
                { "name": "São João do Rio do Peixe", "neighborhoods": [] },
                { "name": "São João do Tigre", "neighborhoods": [] },
                { "name": "São José da Lagoa Tapada", "neighborhoods": [] },
                { "name": "São José de Caiana", "neighborhoods": [] },
                { "name": "São José de Espinharas", "neighborhoods": [] },
                { "name": "São José de Piranhas", "neighborhoods": [] },
                { "name": "São José de Princesa", "neighborhoods": [] },
                { "name": "São José do Bonfim", "neighborhoods": [] },
                { "name": "São José do Brejo do Cruz", "neighborhoods": [] },
                { "name": "São José do Sabugi", "neighborhoods": [] },
                { "name": "São José dos Cordeiros", "neighborhoods": [] },
                { "name": "São José dos Ramos", "neighborhoods": [] },
                { "name": "São Mamede", "neighborhoods": [] },
                { "name": "São Miguel de Taipu", "neighborhoods": [] },
                { "name": "São Sebastião de Lagoa de Roça", "neighborhoods": [] },
                { "name": "São Sebastião do Umbuzeiro", "neighborhoods": [] },
                { "name": "Sapé", "neighborhoods": [] },
                { "name": "Seridó", "neighborhoods": [] },
                { "name": "Serra Branca", "neighborhoods": [] },
                { "name": "Serra da Raiz", "neighborhoods": [] },
                { "name": "Serra Grande", "neighborhoods": [] },
                { "name": "Serra Redonda", "neighborhoods": [] },
                { "name": "Serraria", "neighborhoods": [] },
                { "name": "Sertãozinho", "neighborhoods": [] },
                { "name": "Sobrado", "neighborhoods": [] },
                { "name": "Solânea", "neighborhoods": [] },
                { "name": "Soledade", "neighborhoods": [] },
                { "name": "Sossêgo", "neighborhoods": [] },
                { "name": "Sousa", "neighborhoods": [] },
                { "name": "Sumé", "neighborhoods": [] },
                { "name": "Tacima", "neighborhoods": [] },
                { "name": "Taperoá", "neighborhoods": [] },
                { "name": "Tavares", "neighborhoods": [] },
                { "name": "Teixeira", "neighborhoods": [] },
                { "name": "Tenório", "neighborhoods": [] },
                { "name": "Triunfo", "neighborhoods": [] },
                { "name": "Uiraúna", "neighborhoods": [] },
                { "name": "Umbuzeiro", "neighborhoods": [] },
                { "name": "Várzea", "neighborhoods": [] },
                { "name": "Vieirópolis", "neighborhoods": [] },
                { "name": "Vista Serrana", "neighborhoods": [] },
                { "name": "Zabelê", "neighborhoods": [] }
            ]
        },
        {
            "name": "Paraná",
            "uf": "PR",
            "cities": [
                { "name": "Abatiá", "neighborhoods": [] },
                { "name": "Adrianópolis", "neighborhoods": [] },
                { "name": "Agudos do Sul", "neighborhoods": [] },
                { "name": "Almirante Tamandaré", "neighborhoods": [] },
                { "name": "Altamira do Paraná", "neighborhoods": [] },
                { "name": "Alto Paraíso", "neighborhoods": [] },
                { "name": "Altônia", "neighborhoods": [] },
                { "name": "Alto Paraná", "neighborhoods": [] },
                { "name": "Alto Piquiri", "neighborhoods": [] },
                { "name": "Alvorada do Sul", "neighborhoods": [] },
                { "name": "Amaporã", "neighborhoods": [] },
                { "name": "Ampére", "neighborhoods": [] },
                { "name": "Anahy", "neighborhoods": [] },
                { "name": "Andirá", "neighborhoods": [] },
                { "name": "Ângulo", "neighborhoods": [] },
                { "name": "Antonina", "neighborhoods": [] },
                { "name": "Antônio Olinto", "neighborhoods": [] },
                { "name": "Apucarana", "neighborhoods": [] },
                { "name": "Arapongas", "neighborhoods": [] },
                { "name": "Arapoti", "neighborhoods": [] },
                { "name": "Arapuã", "neighborhoods": [] },
                { "name": "Araruna", "neighborhoods": [] },
                { "name": "Araucária", "neighborhoods": [] },
                { "name": "Ariranha do Ivaí", "neighborhoods": [] },
                { "name": "Assaí", "neighborhoods": [] },
                { "name": "Assis Chateaubriand", "neighborhoods": [] },
                { "name": "Astorga", "neighborhoods": [] },
                { "name": "Atalaia", "neighborhoods": [] },
                { "name": "Balsa Nova", "neighborhoods": [] },
                { "name": "Bandeirantes", "neighborhoods": [] },
                { "name": "Barbosa Ferraz", "neighborhoods": [] },
                { "name": "Barracão", "neighborhoods": [] },
                { "name": "Barra do Jacaré", "neighborhoods": [] },
                { "name": "Bela Vista da Caroba", "neighborhoods": [] },
                { "name": "Bela Vista do Paraíso", "neighborhoods": [] },
                { "name": "Bituruna", "neighborhoods": [] },
                { "name": "Boa Esperança", "neighborhoods": [] },
                { "name": "Boa Esperança do Iguaçu", "neighborhoods": [] },
                { "name": "Boa Ventura de São Roque", "neighborhoods": [] },
                { "name": "Boa Vista da Aparecida", "neighborhoods": [] },
                { "name": "Bocaiúva do Sul", "neighborhoods": [] },
                { "name": "Bom Jesus do Sul", "neighborhoods": [] },
                { "name": "Bom Sucesso", "neighborhoods": [] },
                { "name": "Bom Sucesso do Sul", "neighborhoods": [] },
                { "name": "Borrazópolis", "neighborhoods": [] },
                { "name": "Braganey", "neighborhoods": [] },
                { "name": "Brasilândia do Sul", "neighborhoods": [] },
                { "name": "Cafeara", "neighborhoods": [] },
                { "name": "Cafelândia", "neighborhoods": [] },
                { "name": "Cafezal do Sul", "neighborhoods": [] },
                { "name": "Califórnia", "neighborhoods": [] },
                { "name": "Cambará", "neighborhoods": [] },
                { "name": "Cambé", "neighborhoods": [] },
                { "name": "Cambira", "neighborhoods": [] },
                { "name": "Campina da Lagoa", "neighborhoods": [] },
                { "name": "Campina do Simão", "neighborhoods": [] },
                { "name": "Campina Grande do Sul", "neighborhoods": [] },
                { "name": "Campo Bonito", "neighborhoods": [] },
                { "name": "Campo do Tenente", "neighborhoods": [] },
                { "name": "Campo Largo", "neighborhoods": [] },
                { "name": "Campo Magro", "neighborhoods": [] },
                { "name": "Campo Mourão", "neighborhoods": [] },
                { "name": "Cândido de Abreu", "neighborhoods": [] },
                { "name": "Candói", "neighborhoods": [] },
                { "name": "Cantagalo", "neighborhoods": [] },
                { "name": "Capanema", "neighborhoods": [] },
                { "name": "Capitão Leônidas Marques", "neighborhoods": [] },
                { "name": "Carambeí", "neighborhoods": [] },
                { "name": "Carlópolis", "neighborhoods": [] },
                { "name": "Cascavel", "neighborhoods": [] },
                { "name": "Castro", "neighborhoods": [] },
                { "name": "Catanduvas", "neighborhoods": [] },
                { "name": "Centenário do Sul", "neighborhoods": [] },
                { "name": "Cerro Azul", "neighborhoods": [] },
                { "name": "Céu Azul", "neighborhoods": [] },
                { "name": "Chopinzinho", "neighborhoods": [] },
                { "name": "Cianorte", "neighborhoods": [] },
                { "name": "Cidade Gaúcha", "neighborhoods": [] },
                { "name": "Clevelândia", "neighborhoods": [] },
                { "name": "Colombo", "neighborhoods": [] },
                { "name": "Colorado", "neighborhoods": [] },
                { "name": "Congonhinhas", "neighborhoods": [] },
                { "name": "Conselheiro Mairinck", "neighborhoods": [] },
                { "name": "Contenda", "neighborhoods": [] },
                { "name": "Corbélia", "neighborhoods": [] },
                { "name": "Cornélio Procópio", "neighborhoods": [] },
                { "name": "Coronel Domingos Soares", "neighborhoods": [] },
                { "name": "Coronel Vivida", "neighborhoods": [] },
                { "name": "Corumbataí do Sul", "neighborhoods": [] },
                { "name": "Cruzeiro do Iguaçu", "neighborhoods": [] },
                { "name": "Cruzeiro do Oeste", "neighborhoods": [] },
                { "name": "Cruzeiro do Sul", "neighborhoods": [] },
                { "name": "Cruz Machado", "neighborhoods": [] },
                { "name": "Cruzmaltina", "neighborhoods": [] },
                { "name": "Curitiba", "neighborhoods": [
                    "Abranches", "Água Verde", "Ahú", "Alto da Glória", "Alto da Rua XV", "Augusta", "Bacacheri", "Bairro Alto", "Barreirinha", "Batel", "Bigorrilho", "Boa Vista", "Bom Retiro", "Boqueirão", "Butiatuvinha", "Cabral", "Cachoeira", "Cajuru", "Campina do Siqueira", "Campo Comprido", "Campo de Santana", "Capão da Imbuia", "Capão Raso", "Cascatinha", "Centro", "Centro Cívico", "Cidade Industrial de Curitiba", "Cristo Rei", "Fanny", "Fazendinha", "Ganchinho", "Guaíra", "Hauer", "Hugo Lange", "Jardim Botânico", "Jardim das Américas", "Jardim Social", "Juvevê", "Lamenha Pequena", "Lindoia", "Mercês", "Mossunguê", "Novo Mundo", "Orleans", "Parolin", "Passaúna", "Pilarzinho", "Pinheirinho", "Portão", "Prado Velho", "Rebouças", "Riviera", "Santa Cândida", "Santa Felicidade", "Santa Quitéria", "Santo Inácio", "São Braz", "São Francisco", "São João", "São Lourenço", "São Miguel", "Seminário", "Sítio Cercado", "Taboão", "Tarumã", "Tatuquara", "Tingui", "Uberaba", "Umbará", "Vila Izabel", "Vista Alegre", "Xaxim"
                ]},
                { "name": "Curiúva", "neighborhoods": [] },
                { "name": "Diamante do Norte", "neighborhoods": [] },
                { "name": "Diamante do Sul", "neighborhoods": [] },
                { "name": "Diamante D'Oeste", "neighborhoods": [] },
                { "name": "Dois Vizinhos", "neighborhoods": [] },
                { "name": "Douradina", "neighborhoods": [] },
                { "name": "Doutor Camargo", "neighborhoods": [] },
                { "name": "Doutor Ulysses", "neighborhoods": [] },
                { "name": "Enéas Marques", "neighborhoods": [] },
                { "name": "Engenheiro Beltrão", "neighborhoods": [] },
                { "name": "Entre Rios do Oeste", "neighborhoods": [] },
                { "name": "Esperança Nova", "neighborhoods": [] },
                { "name": "Espigão Alto do Iguaçu", "neighborhoods": [] },
                { "name": "Farol", "neighborhoods": [] },
                { "name": "Faxinal", "neighborhoods": [] },
                { "name": "Fênix", "neighborhoods": [] },
                { "name": "Fernandes Pinheiro", "neighborhoods": [] },
                { "name": "Figueira", "neighborhoods": [] },
                { "name": "Flor da Serra do Sul", "neighborhoods": [] },
                { "name": "Floraí", "neighborhoods": [] },
                { "name": "Floresta", "neighborhoods": [] },
                { "name": "Florestópolis", "neighborhoods": [] },
                { "name": "Flórida", "neighborhoods": [] },
                { "name": "Formosa do Oeste", "neighborhoods": [] },
                { "name": "Foz do Iguaçu", "neighborhoods": [] },
                { "name": "Foz do Jordão", "neighborhoods": [] },
                { "name": "Francisco Alves", "neighborhoods": [] },
                { "name": "Francisco Beltrão", "neighborhoods": [] },
                { "name": "General Carneiro", "neighborhoods": [] },
                { "name": "Godoy Moreira", "neighborhoods": [] },
                { "name": "Goioerê", "neighborhoods": [] },
                { "name": "Goioxim", "neighborhoods": [] },
                { "name": "Grandes Rios", "neighborhoods": [] },
                { "name": "Guaíra", "neighborhoods": [] },
                { "name": "Guairaçá", "neighborhoods": [] },
                { "name": "Guamiranga", "neighborhoods": [] },
                { "name": "Guapirama", "neighborhoods": [] },
                { "name": "Guaporema", "neighborhoods": [] },
                { "name": "Guaraci", "neighborhoods": [] },
                { "name": "Guaraniaçu", "neighborhoods": [] },
                { "name": "Guarapuava", "neighborhoods": [] },
                { "name": "Guaraqueçaba", "neighborhoods": [] },
                { "name": "Guaratuba", "neighborhoods": [] },
                { "name": "Honório Serpa", "neighborhoods": [] },
                { "name": "Ibaiti", "neighborhoods": [] },
                { "name": "Ibema", "neighborhoods": [] },
                { "name": "Ibiporã", "neighborhoods": [] },
                { "name": "Icaraíma", "neighborhoods": [] },
                { "name": "Iguaraçu", "neighborhoods": [] },
                { "name": "Iguatu", "neighborhoods": [] },
                { "name": "Imbaú", "neighborhoods": [] },
                { "name": "Imbituva", "neighborhoods": [] },
                { "name": "Inácio Martins", "neighborhoods": [] },
                { "name": "Inajá", "neighborhoods": [] },
                { "name": "Indianópolis", "neighborhoods": [] },
                { "name": "Ipiranga", "neighborhoods": [] },
                { "name": "Iporã", "neighborhoods": [] },
                { "name": "Iracema do Oeste", "neighborhoods": [] },
                { "name": "Irati", "neighborhoods": [] },
                { "name": "Iretama", "neighborhoods": [] },
                { "name": "Itaguajé", "neighborhoods": [] },
                { "name": "Itaipulândia", "neighborhoods": [] },
                { "name": "Itambaracá", "neighborhoods": [] },
                { "name": "Itambé", "neighborhoods": [] },
                { "name": "Itapejara d'Oeste", "neighborhoods": [] },
                { "name": "Itaperuçu", "neighborhoods": [] },
                { "name": "Itaúna do Sul", "neighborhoods": [] },
                { "name": "Ivaí", "neighborhoods": [] },
                { "name": "Ivaiporã", "neighborhoods": [] },
                { "name": "Ivaté", "neighborhoods": [] },
                { "name": "Ivatuba", "neighborhoods": [] },
                { "name": "Jaboti", "neighborhoods": [] },
                { "name": "Jacarezinho", "neighborhoods": [] },
                { "name": "Jaguapitã", "neighborhoods": [] },
                { "name": "Jaguariaíva", "neighborhoods": [] },
                { "name": "Jandaia do Sul", "neighborhoods": [] },
                { "name": "Janiópolis", "neighborhoods": [] },
                { "name": "Japira", "neighborhoods": [] },
                { "name": "Japurá", "neighborhoods": [] },
                { "name": "Jardim Alegre", "neighborhoods": [] },
                { "name": "Jardim Olinda", "neighborhoods": [] },
                { "name": "Jataizinho", "neighborhoods": [] },
                { "name": "Jesuítas", "neighborhoods": [] },
                { "name": "Joaquim Távora", "neighborhoods": [] },
                { "name": "Jundiaí do Sul", "neighborhoods": [] },
                { "name": "Juranda", "neighborhoods": [] },
                { "name": "Jussara", "neighborhoods": [] },
                { "name": "Kaloré", "neighborhoods": [] },
                { "name": "Lapa", "neighborhoods": [] },
                { "name": "Laranjal", "neighborhoods": [] },
                { "name": "Laranjeiras do Sul", "neighborhoods": [] },
                { "name": "Leópolis", "neighborhoods": [] },
                { "name": "Lidianópolis", "neighborhoods": [] },
                { "name": "Lindoeste", "neighborhoods": [] },
                { "name": "Loanda", "neighborhoods": [] },
                { "name": "Lobato", "neighborhoods": [] },
                { "name": "Londrina", "neighborhoods": [] },
                { "name": "Luiziana", "neighborhoods": [] },
                { "name": "Lunardelli", "neighborhoods": [] },
                { "name": "Lupionópolis", "neighborhoods": [] },
                { "name": "Mallet", "neighborhoods": [] },
                { "name": "Mamborê", "neighborhoods": [] },
                { "name": "Mandaguaçu", "neighborhoods": [] },
                { "name": "Mandaguari", "neighborhoods": [] },
                { "name": "Mandirituba", "neighborhoods": [] },
                { "name": "Manfrinópolis", "neighborhoods": [] },
                { "name": "Mangueirinha", "neighborhoods": [] },
                { "name": "Manoel Ribas", "neighborhoods": [] },
                { "name": "Marechal Cândido Rondon", "neighborhoods": [] },
                { "name": "Maria Helena", "neighborhoods": [] },
                { "name": "Marialva", "neighborhoods": [] },
                { "name": "Marilândia do Sul", "neighborhoods": [] },
                { "name": "Marilena", "neighborhoods": [] },
                { "name": "Mariluz", "neighborhoods": [] },
                { "name": "Maringá", "neighborhoods": [] },
                { "name": "Mariópolis", "neighborhoods": [] },
                { "name": "Maripá", "neighborhoods": [] },
                { "name": "Marmeleiro", "neighborhoods": [] },
                { "name": "Marquinho", "neighborhoods": [] },
                { "name": "Marumbi", "neighborhoods": [] },
                { "name": "Matelândia", "neighborhoods": [] },
                { "name": "Matinhos", "neighborhoods": [] },
                { "name": "Mato Rico", "neighborhoods": [] },
                { "name": "Mauá da Serra", "neighborhoods": [] },
                { "name": "Medianeira", "neighborhoods": [] },
                { "name": "Mercedes", "neighborhoods": [] },
                { "name": "Mirador", "neighborhoods": [] },
                { "name": "Miraselva", "neighborhoods": [] },
                { "name": "Missal", "neighborhoods": [] },
                { "name": "Moreira Sales", "neighborhoods": [] },
                { "name": "Morretes", "neighborhoods": [] },
                { "name": "Munhoz de Melo", "neighborhoods": [] },
                { "name": "Nossa Senhora das Graças", "neighborhoods": [] },
                { "name": "Nova Aliança do Ivaí", "neighborhoods": [] },
                { "name": "Nova América da Colina", "neighborhoods": [] },
                { "name": "Nova Aurora", "neighborhoods": [] },
                { "name": "Nova Cantu", "neighborhoods": [] },
                { "name": "Nova Esperança", "neighborhoods": [] },
                { "name": "Nova Esperança do Sudoeste", "neighborhoods": [] },
                { "name": "Nova Fátima", "neighborhoods": [] },
                { "name": "Nova Laranjeiras", "neighborhoods": [] },
                { "name": "Nova Londrina", "neighborhoods": [] },
                { "name": "Nova Olímpia", "neighborhoods": [] },
                { "name": "Nova Prata do Iguaçu", "neighborhoods": [] },
                { "name": "Nova Santa Bárbara", "neighborhoods": [] },
                { "name": "Nova Santa Rosa", "neighborhoods": [] },
                { "name": "Nova Tebas", "neighborhoods": [] },
                { "name": "Novo Itacolomi", "neighborhoods": [] },
                { "name": "Ortigueira", "neighborhoods": [] },
                { "name": "Ourizona", "neighborhoods": [] },
                { "name": "Ouro Verde do Oeste", "neighborhoods": [] },
                { "name": "Paiçandu", "neighborhoods": [] },
                { "name": "Palmas", "neighborhoods": [] },
                { "name": "Palmeira", "neighborhoods": [] },
                { "name": "Palmital", "neighborhoods": [] },
                { "name": "Palotina", "neighborhoods": [] },
                { "name": "Paraíso do Norte", "neighborhoods": [] },
                { "name": "Paranacity", "neighborhoods": [] },
                { "name": "Paranaguá", "neighborhoods": [] },
                { "name": "Paranapoema", "neighborhoods": [] },
                { "name": "Paranavaí", "neighborhoods": [] },
                { "name": "Pato Bragado", "neighborhoods": [] },
                { "name": "Pato Branco", "neighborhoods": [] },
                { "name": "Paula Freitas", "neighborhoods": [] },
                { "name": "Paulo Frontin", "neighborhoods": [] },
                { "name": "Peabiru", "neighborhoods": [] },
                { "name": "Perobal", "neighborhoods": [] },
                { "name": "Pérola", "neighborhoods": [] },
                { "name": "Pérola d'Oeste", "neighborhoods": [] },
                { "name": "Piên", "neighborhoods": [] },
                { "name": "Pinhais", "neighborhoods": [] },
                { "name": "Pinhal de São Bento", "neighborhoods": [] },
                { "name": "Pinhalão", "neighborhoods": [] },
                { "name": "Pinhão", "neighborhoods": [] },
                { "name": "Piraí do Sul", "neighborhoods": [] },
                { "name": "Piraquara", "neighborhoods": [] },
                { "name": "Pitanga", "neighborhoods": [] },
                { "name": "Pitangueiras", "neighborhoods": [] },
                { "name": "Planaltina do Paraná", "neighborhoods": [] },
                { "name": "Planalto", "neighborhoods": [] },
                { "name": "Ponta Grossa", "neighborhoods": [] },
                { "name": "Pontal do Paraná", "neighborhoods": [] },
                { "name": "Porecatu", "neighborhoods": [] },
                { "name": "Porto Amazonas", "neighborhoods": [] },
                { "name": "Porto Barreiro", "neighborhoods": [] },
                { "name": "Porto Rico", "neighborhoods": [] },
                { "name": "Porto Vitória", "neighborhoods": [] },
                { "name": "Prado Ferreira", "neighborhoods": [] },
                { "name": "Pranchita", "neighborhoods": [] },
                { "name": "Presidente Castelo Branco", "neighborhoods": [] },
                { "name": "Primeiro de Maio", "neighborhoods": [] },
                { "name": "Prudentópolis", "neighborhoods": [] },
                { "name": "Quarto Centenário", "neighborhoods": [] },
                { "name": "Quatiguá", "neighborhoods": [] },
                { "name": "Quatro Barras", "neighborhoods": [] },
                { "name": "Quatro Pontes", "neighborhoods": [] },
                { "name": "Quedas do Iguaçu", "neighborhoods": [] },
                { "name": "Querência do Norte", "neighborhoods": [] },
                { "name": "Quinta do Sol", "neighborhoods": [] },
                { "name": "Quitandinha", "neighborhoods": [] },
                { "name": "Ramilândia", "neighborhoods": [] },
                { "name": "Rancho Alegre", "neighborhoods": [] },
                { "name": "Rancho Alegre D'Oeste", "neighborhoods": [] },
                { "name": "Realeza", "neighborhoods": [] },
                { "name": "Rebouças", "neighborhoods": [] },
                { "name": "Renascença", "neighborhoods": [] },
                { "name": "Reserva", "neighborhoods": [] },
                { "name": "Reserva do Iguaçu", "neighborhoods": [] },
                { "name": "Ribeirão Claro", "neighborhoods": [] },
                { "name": "Ribeirão do Pinhal", "neighborhoods": [] },
                { "name": "Rio Azul", "neighborhoods": [] },
                { "name": "Rio Bom", "neighborhoods": [] },
                { "name": "Rio Bonito do Iguaçu", "neighborhoods": [] },
                { "name": "Rio Branco do Ivaí", "neighborhoods": [] },
                { "name": "Rio Branco do Sul", "neighborhoods": [] },
                { "name": "Rio Negro", "neighborhoods": [] },
                { "name": "Rolândia", "neighborhoods": [] },
                { "name": "Roncador", "neighborhoods": [] },
                { "name": "Rondon", "neighborhoods": [] },
                { "name": "Rosário do Ivaí", "neighborhoods": [] },
                { "name": "Sabáudia", "neighborhoods": [] },
                { "name": "Salgado Filho", "neighborhoods": [] },
                { "name": "Salto do Itararé", "neighborhoods": [] },
                { "name": "Salto do Lontra", "neighborhoods": [] },
                { "name": "Santa Amélia", "neighborhoods": [] },
                { "name": "Santa Cecília do Pavão", "neighborhoods": [] },
                { "name": "Santa Cruz de Monte Castelo", "neighborhoods": [] },
                { "name": "Santa Fé", "neighborhoods": [] },
                { "name": "Santa Helena", "neighborhoods": [] },
                { "name": "Santa Inês", "neighborhoods": [] },
                { "name": "Santa Isabel do Ivaí", "neighborhoods": [] },
                { "name": "Santa Izabel do Oeste", "neighborhoods": [] },
                { "name": "Santa Lúcia", "neighborhoods": [] },
                { "name": "Santa Maria do Oeste", "neighborhoods": [] },
                { "name": "Santa Mariana", "neighborhoods": [] },
                { "name": "Santa Mônica", "neighborhoods": [] },
                { "name": "Santana do Itararé", "neighborhoods": [] },
                { "name": "Santa Tereza do Oeste", "neighborhoods": [] },
                { "name": "Santa Terezinha de Itaipu", "neighborhoods": [] },
                { "name": "Santo Antônio da Platina", "neighborhoods": [] },
                { "name": "Santo Antônio do Caiuá", "neighborhoods": [] },
                { "name": "Santo Antônio do Paraíso", "neighborhoods": [] },
                { "name": "Santo Antônio do Sudoeste", "neighborhoods": [] },
                { "name": "Santo Inácio", "neighborhoods": [] },
                { "name": "São Carlos do Ivaí", "neighborhoods": [] },
                { "name": "São Jerônimo da Serra", "neighborhoods": [] },
                { "name": "São João", "neighborhoods": [] },
                { "name": "São João do Caiuá", "neighborhoods": [] },
                { "name": "São João do Ivaí", "neighborhoods": [] },
                { "name": "São João do Triunfo", "neighborhoods": [] },
                { "name": "São Jorge d'Oeste", "neighborhoods": [] },
                { "name": "São Jorge do Ivaí", "neighborhoods": [] },
                { "name": "São Jorge do Patrocínio", "neighborhoods": [] },
                { "name": "São José da Boa Vista", "neighborhoods": [] },
                { "name": "São José das Palmeiras", "neighborhoods": [] },
                { "name": "São José dos Pinhais", "neighborhoods": [] },
                { "name": "São Manoel do Paraná", "neighborhoods": [] },
                { "name": "São Mateus do Sul", "neighborhoods": [] },
                { "name": "São Miguel do Iguaçu", "neighborhoods": [] },
                { "name": "São Pedro do Iguaçu", "neighborhoods": [] },
                { "name": "São Pedro do Ivaí", "neighborhoods": [] },
                { "name": "São Pedro do Paraná", "neighborhoods": [] },
                { "name": "São Sebastião da Amoreira", "neighborhoods": [] },
                { "name": "São Tomé", "neighborhoods": [] },
                { "name": "Sapopema", "neighborhoods": [] },
                { "name": "Sarandi", "neighborhoods": [] },
                { "name": "Saudade do Iguaçu", "neighborhoods": [] },
                { "name": "Sengés", "neighborhoods": [] },
                { "name": "Serranópolis do Iguaçu", "neighborhoods": [] },
                { "name": "Sertaneja", "neighborhoods": [] },
                { "name": "Sertanópolis", "neighborhoods": [] },
                { "name": "Siqueira Campos", "neighborhoods": [] },
                { "name": "Sulina", "neighborhoods": [] },
                { "name": "Tamarana", "neighborhoods": [] },
                { "name": "Tamboara", "neighborhoods": [] },
                { "name": "Tapejara", "neighborhoods": [] },
                { "name": "Tapira", "neighborhoods": [] },
                { "name": "Teixeira Soares", "neighborhoods": [] },
                { "name": "Telêmaco Borba", "neighborhoods": [] },
                { "name": "Terra Boa", "neighborhoods": [] },
                { "name": "Terra Rica", "neighborhoods": [] },
                { "name": "Terra Roxa", "neighborhoods": [] },
                { "name": "Tibagi", "neighborhoods": [] },
                { "name": "Tijucas do Sul", "neighborhoods": [] },
                { "name": "Toledo", "neighborhoods": [] },
                { "name": "Tomazina", "neighborhoods": [] },
                { "name": "Três Barras do Paraná", "neighborhoods": [] },
                { "name": "Tunas do Paraná", "neighborhoods": [] },
                { "name": "Tuneiras do Oeste", "neighborhoods": [] },
                { "name": "Tupãssi", "neighborhoods": [] },
                { "name": "Turvo", "neighborhoods": [] },
                { "name": "Ubiratã", "neighborhoods": [] },
                { "name": "Umuarama", "neighborhoods": [] },
                { "name": "União da Vitória", "neighborhoods": [] },
                { "name": "Uniflor", "neighborhoods": [] },
                { "name": "Uraí", "neighborhoods": [] },
                { "name": "Ventania", "neighborhoods": [] },
                { "name": "Vera Cruz do Oeste", "neighborhoods": [] },
                { "name": "Verê", "neighborhoods": [] },
                { "name": "Virmond", "neighborhoods": [] },
                { "name": "Vitorino", "neighborhoods": [] },
                { "name": "Wenceslau Braz", "neighborhoods": [] },
                { "name": "Xambrê", "neighborhoods": [] }
            ]
        },
        {
            "name": "Rio Grande do Norte",
            "uf": "RN",
            "cities": [
                { "name": "Acari", "neighborhoods": [] },
                { "name": "Açu", "neighborhoods": [] },
                { "name": "Afonso Bezerra", "neighborhoods": [] },
                { "name": "Água Nova", "neighborhoods": [] },
                { "name": "Alexandria", "neighborhoods": [] },
                { "name": "Almino Afonso", "neighborhoods": [] },
                { "name": "Alto do Rodrigues", "neighborhoods": [] },
                { "name": "Angicos", "neighborhoods": [] },
                { "name": "Antônio Martins", "neighborhoods": [] },
                { "name": "Apodi", "neighborhoods": [] },
                { "name": "Areia Branca", "neighborhoods": [] },
                { "name": "Arês", "neighborhoods": [] },
                { "name": "Augusto Severo", "neighborhoods": [] },
                { "name": "Baía Formosa", "neighborhoods": [] },
                { "name": "Baraúna", "neighborhoods": [] },
                { "name": "Barcelona", "neighborhoods": [] },
                { "name": "Bento Fernandes", "neighborhoods": [] },
                { "name": "Bodó", "neighborhoods": [] },
                { "name": "Bom Jesus", "neighborhoods": [] },
                { "name": "Brejinho", "neighborhoods": [] },
                { "name": "Caiçara do Norte", "neighborhoods": [] },
                { "name": "Caiçara do Rio do Vento", "neighborhoods": [] },
                { "name": "Caicó", "neighborhoods": [] },
                { "name": "Campo Redondo", "neighborhoods": [] },
                { "name": "Canguaretama", "neighborhoods": [] },
                { "name": "Caraúbas", "neighborhoods": [] },
                { "name": "Carnaúba dos Dantas", "neighborhoods": [] },
                { "name": "Carnaubais", "neighborhoods": [] },
                { "name": "Ceará-Mirim", "neighborhoods": [] },
                { "name": "Cerro Corá", "neighborhoods": [] },
                { "name": "Coronel Ezequiel", "neighborhoods": [] },
                { "name": "Coronel João Pessoa", "neighborhoods": [] },
                { "name": "Cruzeta", "neighborhoods": [] },
                { "name": "Currais Novos", "neighborhoods": [] },
                { "name": "Doutor Severiano", "neighborhoods": [] },
                { "name": "Encanto", "neighborhoods": [] },
                { "name": "Equador", "neighborhoods": [] },
                { "name": "Espírito Santo", "neighborhoods": [] },
                { "name": "Extremoz", "neighborhoods": [] },
                { "name": "Felipe Guerra", "neighborhoods": [] },
                { "name": "Fernando Pedroza", "neighborhoods": [] },
                { "name": "Florânia", "neighborhoods": [] },
                { "name": "Francisco Dantas", "neighborhoods": [] },
                { "name": "Frutuoso Gomes", "neighborhoods": [] },
                { "name": "Galinhos", "neighborhoods": [] },
                { "name": "Goianinha", "neighborhoods": [] },
                { "name": "Governador Dix-Sept Rosado", "neighborhoods": [] },
                { "name": "Grossos", "neighborhoods": [] },
                { "name": "Guamaré", "neighborhoods": [] },
                { "name": "Ielmo Marinho", "neighborhoods": [] },
                { "name": "Ipanguaçu", "neighborhoods": [] },
                { "name": "Ipueira", "neighborhoods": [] },
                { "name": "Itajá", "neighborhoods": [] },
                { "name": "Itaú", "neighborhoods": [] },
                { "name": "Jaçanã", "neighborhoods": [] },
                { "name": "Jandaíra", "neighborhoods": [] },
                { "name": "Janduís", "neighborhoods": [] },
                { "name": "Januário Cicco", "neighborhoods": [] },
                { "name": "Japi", "neighborhoods": [] },
                { "name": "Jardim de Angicos", "neighborhoods": [] },
                { "name": "Jardim de Piranhas", "neighborhoods": [] },
                { "name": "Jardim do Seridó", "neighborhoods": [] },
                { "name": "João Câmara", "neighborhoods": [] },
                { "name": "João Dias", "neighborhoods": [] },
                { "name": "José da Penha", "neighborhoods": [] },
                { "name": "Jucurutu", "neighborhoods": [] },
                { "name": "Jundiá", "neighborhoods": [] },
                { "name": "Lagoa d'Anta", "neighborhoods": [] },
                { "name": "Lagoa de Pedras", "neighborhoods": [] },
                { "name": "Lagoa de Velhos", "neighborhoods": [] },
                { "name": "Lagoa Nova", "neighborhoods": [] },
                { "name": "Lagoa Salgada", "neighborhoods": [] },
                { "name": "Lajes", "neighborhoods": [] },
                { "name": "Lajes Pintadas", "neighborhoods": [] },
                { "name": "Lucrécia", "neighborhoods": [] },
                { "name": "Luís Gomes", "neighborhoods": [] },
                { "name": "Macaíba", "neighborhoods": [] },
                { "name": "Macau", "neighborhoods": [] },
                { "name": "Major Sales", "neighborhoods": [] },
                { "name": "Marcelino Vieira", "neighborhoods": [] },
                { "name": "Martins", "neighborhoods": [] },
                { "name": "Maxaranguape", "neighborhoods": [] },
                { "name": "Messias Targino", "neighborhoods": [] },
                { "name": "Montanhas", "neighborhoods": [] },
                { "name": "Monte Alegre", "neighborhoods": [] },
                { "name": "Monte das Gameleiras", "neighborhoods": [] },
                { "name": "Mossoró", "neighborhoods": [] },
                {
                    "name": "Natal",
                    "neighborhoods": [
                        "Alecrim", "Areia Preta", "Barro Vermelho", "Bom Pastor", "Candelária", "Capim Macio", "Cidade Alta", "Cidade da Esperança", "Cidade Nova", "Dix-Sept Rosado", "Felipe Camarão", "Guarapes", "Igapó", "Lagoa Azul", "Lagoa Nova", "Lagoa Seca", "Mãe Luíza", "Neópolis", "Nordeste", "Nossa Senhora da Apresentação", "Nossa Senhora de Nazaré", "Nova Descoberta", "Pajuçara", "Petrópolis", "Planalto", "Ponta Negra", "Potengi", "Praia do Meio", "Quintas", "Redinha", "Ribeira", "Rocas", "Salinas", "Santos Reis", "Tirol", "Vale Dourado"
                    ]
                },
                { "name": "Nísia Floresta", "neighborhoods": [] },
                { "name": "Nova Cruz", "neighborhoods": [] },
                { "name": "Olho-d'Água do Borges", "neighborhoods": [] },
                { "name": "Ouro Branco", "neighborhoods": [] },
                { "name": "Paraná", "neighborhoods": [] },
                { "name": "Paraú", "neighborhoods": [] },
                { "name": "Parazinho", "neighborhoods": [] },
                { "name": "Parelhas", "neighborhoods": [] },
                { "name": "Parnamirim", "neighborhoods": [] },
                { "name": "Passa e Fica", "neighborhoods": [] },
                { "name": "Passagem", "neighborhoods": [] },
                { "name": "Patu", "neighborhoods": [] },
                { "name": "Pau dos Ferros", "neighborhoods": [] },
                { "name": "Pedra Grande", "neighborhoods": [] },
                { "name": "Pedra Preta", "neighborhoods": [] },
                { "name": "Pedro Avelino", "neighborhoods": [] },
                { "name": "Pedro Velho", "neighborhoods": [] },
                { "name": "Pendências", "neighborhoods": [] },
                { "name": "Pilões", "neighborhoods": [] },
                { "name": "Poço Branco", "neighborhoods": [] },
                { "name": "Portalegre", "neighborhoods": [] },
                { "name": "Porto do Mangue", "neighborhoods": [] },
                { "name": "Presidente Juscelino", "neighborhoods": [] },
                { "name": "Pureza", "neighborhoods": [] },
                { "name": "Rafael Fernandes", "neighborhoods": [] },
                { "name": "Rafael Godeiro", "neighborhoods": [] },
                { "name": "Riacho da Cruz", "neighborhoods": [] },
                { "name": "Riacho de Santana", "neighborhoods": [] },
                { "name": "Riachuelo", "neighborhoods": [] },
                { "name": "Rio do Fogo", "neighborhoods": [] },
                { "name": "Rodolfo Fernandes", "neighborhoods": [] },
                { "name": "Ruy Barbosa", "neighborhoods": [] },
                { "name": "Santa Cruz", "neighborhoods": [] },
                { "name": "Santa Maria", "neighborhoods": [] },
                { "name": "Santana do Matos", "neighborhoods": [] },
                { "name": "Santana do Seridó", "neighborhoods": [] },
                { "name": "Santo Antônio", "neighborhoods": [] },
                { "name": "São Bento do Norte", "neighborhoods": [] },
                { "name": "São Bento do Trairí", "neighborhoods": [] },
                { "name": "São Fernando", "neighborhoods": [] },
                { "name": "São Francisco do Oeste", "neighborhoods": [] },
                { "name": "São Gonçalo do Amarante", "neighborhoods": [] },
                { "name": "São João do Sabugi", "neighborhoods": [] },
                { "name": "São José de Mipibu", "neighborhoods": [] },
                { "name": "São José do Campestre", "neighborhoods": [] },
                { "name": "São José do Seridó", "neighborhoods": [] },
                { "name": "São Miguel", "neighborhoods": [] },
                { "name": "São Miguel do Gostoso", "neighborhoods": [] },
                { "name": "São Paulo do Potengi", "neighborhoods": [] },
                { "name": "São Pedro", "neighborhoods": [] },
                { "name": "São Rafael", "neighborhoods": [] },
                { "name": "São Tomé", "neighborhoods": [] },
                { "name": "São Vicente", "neighborhoods": [] },
                { "name": "Senador Elói de Souza", "neighborhoods": [] },
                { "name": "Senador Georgino Avelino", "neighborhoods": [] },
                { "name": "Serra de São Bento", "neighborhoods": [] },
                { "name": "Serra do Mel", "neighborhoods": [] },
                { "name": "Serra Negra do Norte", "neighborhoods": [] },
                { "name": "Serrinha", "neighborhoods": [] },
                { "name": "Serrinha dos Pintos", "neighborhoods": [] },
                { "name": "Severiano Melo", "neighborhoods": [] },
                { "name": "Sítio Novo", "neighborhoods": [] },
                { "name": "Taboleiro Grande", "neighborhoods": [] },
                { "name": "Taipu", "neighborhoods": [] },
                { "name": "Tangará", "neighborhoods": [] },
                { "name": "Tenente Ananias", "neighborhoods": [] },
                { "name": "Tenente Laurentino Cruz", "neighborhoods": [] },
                { "name": "Tibau", "neighborhoods": [] },
                { "name": "Tibau do Sul", "neighborhoods": [] },
                { "name": "Timbaúba dos Batistas", "neighborhoods": [] },
                { "name": "Touros", "neighborhoods": [] },
                { "name": "Triunfo Potiguar", "neighborhoods": [] },
                { "name": "Umarizal", "neighborhoods": [] },
                { "name": "Upanema", "neighborhoods": [] },
                { "name": "Várzea", "neighborhoods": [] },
                { "name": "Venha-Ver", "neighborhoods": [] },
                { "name": "Vera Cruz", "neighborhoods": [] },
                { "name": "Viçosa", "neighborhoods": [] },
                { "name": "Vila Flor", "neighborhoods": [] }
            ]
        }
    ]
}
